{"loss_D": 0.05925155058503151, "_timestamp": 1668864223.2447464, "_runtime": 6164.970445394516, "_step": 241561, "loss_G": 5.190471649169922, "_wandb": {"runtime": 6164}}