{"loss_D": 0.03773690015077591, "_timestamp": 1668778251.6787393, "_runtime": 1236.4747552871704, "_step": 46742, "loss_G": 7.114930629730225, "_wandb": {"runtime": 1235}}