{"loss_D": 0.24598607420921326, "_timestamp": 1668776923.1772485, "_runtime": 16.717702388763428, "_step": 311, "loss_G": 6.710278034210205, "_wandb": {"runtime": 16}}