{"loss_D": 0.18077224493026733, "_timestamp": 1668878469.5781639, "_runtime": 159.04824590682983, "_step": 566, "loss_G": 3.7879481315612793}